employee_id,survey_date,engagement_score,satisfaction_score,work_life_balance_score,overall_avg_score
1001,10/10/2022,2,5,5,4
1005,6/19/2023,2,4,5,3.67
1011,12/8/2022,1,2,3,2
1013,12/13/2022,5,4,3,4
1014,6/28/2023,4,4,1,3
1015,7/11/2023,1,1,3,1.67
1019,6/21/2023,1,3,5,3
1021,3/9/2023,5,1,4,3.33
1022,2/12/2023,1,4,4,3
1029,11/7/2022,3,5,4,4
1030,1/3/2023,4,4,1,3
1031,2/27/2023,5,3,2,3.33
1033,7/2/2023,3,1,3,2.33
1034,7/9/2023,2,5,1,2.67
1035,7/19/2023,1,5,5,3.67
1038,3/10/2023,5,1,2,2.67
1040,9/27/2022,5,3,1,3
1042,2/17/2023,1,3,4,2.67
1043,2/25/2023,1,1,3,1.67
1044,11/26/2022,2,4,5,3.67
1045,8/8/2022,1,4,1,2
1047,5/12/2023,4,2,3,3
1048,10/19/2022,3,1,4,2.67
1050,7/3/2023,4,5,1,3.33
1051,1/1/2023,2,4,5,3.67
1054,7/5/2023,1,5,2,2.67
1055,9/23/2022,3,4,1,2.67
1056,1/17/2023,4,2,2,2.67
1058,3/6/2023,4,2,1,2.33
1061,2/5/2023,3,3,1,2.33
1063,7/25/2023,5,2,4,3.67
1065,1/20/2023,5,3,4,4
1067,6/10/2023,3,2,5,3.33
1068,10/9/2022,3,2,2,2.33
1069,2/4/2023,3,1,2,2
1072,2/18/2023,2,2,3,2.33
1073,2/16/2023,4,4,2,3.33
1074,2/10/2023,3,4,1,2.67
1075,4/10/2023,1,2,3,2
1077,10/12/2022,5,2,4,3.67
1080,3/4/2023,3,1,3,2.33
1082,2/27/2023,1,4,1,2
1085,1/9/2023,5,5,3,4.33
1087,5/3/2023,1,5,2,2.67
1090,5/16/2023,4,3,4,3.67
1092,3/8/2023,1,4,1,2
1093,3/5/2023,3,1,4,2.67
1098,12/28/2022,2,2,2,2
1100,9/10/2022,1,4,5,3.33
1101,3/21/2023,1,1,3,1.67
1102,3/2/2023,5,1,4,3.33
1103,11/6/2022,5,3,1,3
1104,12/21/2022,1,4,2,2.33
1106,1/31/2023,2,3,3,2.67
1107,10/18/2022,4,5,1,3.33
1108,7/24/2023,4,5,3,4
1110,2/23/2023,1,1,4,2
1112,7/6/2023,4,1,1,2
1113,4/9/2023,3,3,5,3.67
1114,3/3/2023,1,3,3,2.33
1115,3/11/2023,4,1,3,2.67
1116,12/16/2022,3,4,4,3.67
1120,6/5/2023,3,3,4,3.33
1121,1/21/2023,1,1,4,2
1123,6/10/2023,2,3,1,2
1125,3/17/2023,4,3,4,3.67
1127,1/27/2023,5,1,3,3
1130,5/7/2023,1,5,4,3.33
1131,5/11/2023,4,4,4,4
1135,2/23/2023,5,4,4,4.33
1136,4/9/2023,2,5,2,3
1137,11/12/2022,3,3,5,3.67
1140,5/4/2023,5,3,2,3.33
1141,12/26/2022,5,5,2,4
1144,11/3/2022,5,3,2,3.33
1145,10/24/2022,3,3,4,3.33
1148,4/2/2023,4,1,3,2.67
1149,11/3/2022,3,2,5,3.33
1150,12/28/2022,3,4,4,3.67
1151,12/12/2022,5,3,1,3
1157,6/6/2023,1,4,2,2.33
1161,4/9/2023,3,4,4,3.67
1162,10/5/2022,3,3,2,2.67
1164,10/23/2022,5,5,5,5
1165,1/9/2023,3,3,1,2.33
1166,2/27/2023,2,1,4,2.33
1167,5/22/2023,2,3,4,3
1169,8/3/2023,1,3,2,2
1171,6/24/2023,4,1,4,3
1174,3/6/2023,2,1,5,2.67
1177,8/12/2022,2,2,5,3
1179,7/10/2023,3,5,1,3
1180,5/15/2023,4,3,1,2.67
1181,7/5/2023,5,5,4,4.67
1182,8/25/2022,2,4,5,3.67
1183,3/7/2023,4,5,5,4.67
1184,10/3/2022,1,3,1,1.67
1185,8/13/2022,1,2,4,2.33
1186,5/12/2023,3,3,5,3.67
1187,11/19/2022,4,1,1,2
1191,7/13/2023,4,4,4,4
1192,12/24/2022,3,1,1,1.67
1196,6/2/2023,4,5,4,4.33
1197,11/9/2022,3,5,4,4
1198,12/12/2022,3,2,2,2.33
1199,6/27/2023,3,3,3,3
1200,4/19/2023,4,5,1,3.33
1203,10/3/2022,3,5,3,3.67
1204,6/22/2023,1,4,3,2.67
1205,4/7/2023,2,1,2,1.67
1206,10/17/2022,3,4,2,3
1207,8/6/2022,2,1,2,1.67
1210,10/24/2022,4,5,1,3.33
1211,3/16/2023,3,3,1,2.33
1212,1/31/2023,4,5,4,4.33
1213,9/28/2022,1,2,4,2.33
1214,6/2/2023,1,5,3,3
1215,10/25/2022,2,1,5,2.67
1218,2/27/2023,2,3,1,2
1223,5/7/2023,4,1,4,3
1228,1/21/2023,2,5,3,3.33
1229,5/20/2023,4,2,5,3.67
1230,11/30/2022,5,4,4,4.33
1231,3/13/2023,2,2,1,1.67
1232,8/22/2022,2,1,5,2.67
1233,5/1/2023,5,5,3,4.33
1235,3/23/2023,5,5,3,4.33
1239,10/7/2022,4,5,5,4.67
1240,8/2/2023,1,4,3,2.67
1242,7/28/2023,4,4,1,3
1243,5/4/2023,5,2,3,3.33
1244,8/17/2022,2,3,5,3.33
1245,9/23/2022,3,5,5,4.33
1247,11/13/2022,2,4,5,3.67
1250,4/26/2023,4,5,1,3.33
1251,12/3/2022,5,5,3,4.33
1254,6/18/2023,3,1,5,3
1256,10/24/2022,4,4,2,3.33
1257,7/19/2023,2,1,1,1.33
1258,4/16/2023,3,5,4,4
1259,10/17/2022,1,3,4,2.67
1260,2/21/2023,5,2,5,4
1261,7/13/2023,2,5,4,3.67
1262,12/16/2022,3,4,1,2.67
1263,1/24/2023,4,5,3,4
1264,4/21/2023,3,5,4,4
1268,4/18/2023,2,1,2,1.67
1269,9/19/2022,1,2,4,2.33
1271,1/13/2023,3,1,5,3
1274,3/19/2023,2,1,5,2.67
1276,6/1/2023,1,4,5,3.33
1277,8/1/2023,4,3,3,3.33
1278,5/28/2023,2,4,5,3.67
1279,10/11/2022,3,3,5,3.67
1280,11/12/2022,3,2,2,2.33
1282,10/4/2022,3,3,1,2.33
1283,11/19/2022,2,1,2,1.67
1284,11/24/2022,5,1,5,3.67
1285,7/5/2023,3,2,2,2.33
1289,5/9/2023,5,3,1,3
1290,4/12/2023,5,4,2,3.67
1292,3/21/2023,1,4,3,2.67
1293,3/15/2023,2,3,2,2.33
1295,2/18/2023,3,3,3,3
1299,7/2/2023,1,2,2,1.67
1300,10/7/2022,1,3,1,1.67
1303,1/1/2023,5,3,5,4.33
1304,4/11/2023,3,5,1,3
1306,11/12/2022,1,3,5,3
1308,8/28/2022,4,5,2,3.67
1309,9/7/2022,1,1,3,1.67
1310,4/24/2023,3,4,3,3.33
1312,9/25/2022,2,5,2,3
1313,7/18/2023,5,4,1,3.33
1314,3/28/2023,5,5,3,4.33
1315,11/29/2022,5,1,1,2.33
1320,1/12/2023,5,1,5,3.67
1323,5/2/2023,5,1,5,3.67
1324,11/16/2022,5,3,3,3.67
1325,12/17/2022,1,5,3,3
1327,3/23/2023,5,3,4,4
1330,9/25/2022,3,5,2,3.33
1331,5/16/2023,3,2,5,3.33
1333,1/29/2023,3,4,5,4
1335,10/9/2022,4,5,5,4.67
1336,3/9/2023,5,1,4,3.33
1338,10/20/2022,1,1,1,1
1341,5/15/2023,1,3,4,2.67
1343,9/7/2022,1,2,3,2
1350,3/5/2023,3,4,5,4
1351,1/18/2023,4,1,5,3.33
1359,1/9/2023,4,5,1,3.33
1360,3/31/2023,5,2,1,2.67
1365,10/8/2022,5,1,2,2.67
1366,8/17/2022,1,4,2,2.33
1367,7/20/2023,1,4,3,2.67
1368,10/4/2022,2,2,2,2
1369,3/8/2023,2,4,3,3
1370,7/19/2023,1,2,1,1.33
1372,7/30/2023,3,1,4,2.67
1374,2/8/2023,5,5,4,4.67
1375,9/28/2022,1,3,2,2
1378,2/3/2023,1,4,5,3.33
1379,2/28/2023,5,2,5,4
1380,12/27/2022,1,1,2,1.33
1381,7/10/2023,2,2,1,1.67
1382,11/30/2022,2,1,1,1.33
1383,9/2/2022,4,1,5,3.33
1385,9/11/2022,3,1,3,2.33
1387,3/29/2023,5,1,2,2.67
1389,2/25/2023,4,4,3,3.67
1390,1/23/2023,2,3,4,3
1391,8/11/2022,4,1,1,2
1394,7/7/2023,1,2,2,1.67
1401,11/4/2022,2,5,3,3.33
1402,7/13/2023,2,4,4,3.33
1403,12/25/2022,1,3,2,2
1406,5/15/2023,4,1,5,3.33
1408,6/7/2023,3,3,3,3
1410,4/2/2023,2,2,4,2.67
1411,6/25/2023,5,4,5,4.67
1412,6/16/2023,4,3,5,4
1413,10/31/2022,4,3,2,3
1415,9/16/2022,2,2,1,1.67
1416,5/11/2023,5,4,3,4
1417,12/31/2022,3,5,2,3.33
1418,11/25/2022,2,1,3,2
1420,6/12/2023,1,2,4,2.33
1421,9/3/2022,3,5,5,4.33
1423,3/23/2023,2,5,5,4
1425,9/6/2022,2,3,1,2
1427,2/9/2023,1,2,3,2
1428,6/4/2023,3,5,2,3.33
1431,10/28/2022,2,1,1,1.33
1432,10/13/2022,4,3,4,3.67
1434,10/21/2022,1,2,3,2
1435,3/23/2023,4,2,3,3
1436,7/9/2023,1,2,2,1.67
1437,1/6/2023,4,5,5,4.67
1439,11/29/2022,3,1,3,2.33
1442,1/11/2023,2,4,2,2.67
1443,6/12/2023,5,2,3,3.33
1444,12/21/2022,5,5,3,4.33
1448,10/23/2022,1,1,3,1.67
1452,8/14/2022,4,4,5,4.33
1455,7/4/2023,2,2,4,2.67
1457,7/2/2023,2,1,1,1.33
1458,2/6/2023,2,2,4,2.67
1459,9/10/2022,5,2,5,4
1463,3/13/2023,5,4,5,4.67
1464,7/4/2023,2,5,1,2.67
1466,12/5/2022,1,4,5,3.33
1468,4/21/2023,3,1,3,2.33
1469,2/23/2023,4,2,4,3.33
1470,3/21/2023,1,4,1,2
1472,9/2/2022,2,4,1,2.33
1473,12/11/2022,5,2,1,2.67
1478,11/22/2022,1,1,3,1.67
1479,8/23/2022,3,4,2,3
1480,2/16/2023,5,1,4,3.33
1481,7/24/2023,3,5,3,3.67
1482,4/23/2023,1,1,1,1
1484,12/25/2022,5,2,1,2.67
1485,12/14/2022,1,2,1,1.33
1486,3/5/2023,5,5,2,4
1489,10/13/2022,3,5,2,3.33
1490,3/6/2023,2,3,4,3
1491,3/29/2023,1,3,3,2.33
1492,4/17/2023,4,5,2,3.67
1493,12/6/2022,2,2,4,2.67
1495,12/30/2022,3,3,4,3.33
1497,7/29/2023,5,4,5,4.67
1500,7/24/2023,1,4,4,3
1505,11/2/2022,2,5,4,3.67
1507,1/19/2023,1,2,1,1.33
1509,9/25/2022,5,1,3,3
1510,4/6/2023,2,3,3,2.67
1513,11/18/2022,5,3,5,4.33
1514,5/8/2023,1,3,2,2
1515,12/14/2022,2,3,1,2
1516,7/16/2023,1,5,3,3
1518,9/28/2022,4,4,2,3.33
1522,12/3/2022,3,4,5,4
1523,9/20/2022,4,4,3,3.67
1526,1/20/2023,2,3,3,2.67
1528,2/25/2023,5,5,2,4
1529,4/28/2023,3,1,3,2.33
1534,8/12/2022,1,1,5,2.33
1535,12/8/2022,4,2,1,2.33
1536,3/19/2023,5,3,5,4.33
1537,8/6/2022,5,2,4,3.67
1540,1/24/2023,2,4,2,2.67
1541,12/26/2022,1,4,1,2
1542,7/31/2023,5,4,4,4.33
1545,8/21/2022,2,4,2,2.67
1547,9/24/2022,4,4,4,4
1548,6/14/2023,1,4,4,3
1549,7/7/2023,2,3,1,2
1553,1/12/2023,3,1,5,3
1555,12/19/2022,5,1,2,2.67
1558,10/9/2022,3,5,2,3.33
1561,4/1/2023,5,1,3,3
1569,3/8/2023,1,3,1,1.67
1571,6/4/2023,3,2,4,3
1573,6/10/2023,1,1,3,1.67
1577,3/29/2023,5,2,1,2.67
1578,2/3/2023,5,5,1,3.67
1579,4/15/2023,1,3,1,1.67
1580,4/23/2023,1,1,5,2.33
1581,12/11/2022,1,3,5,3
1584,3/18/2023,4,1,4,3
1585,12/23/2022,5,4,4,4.33
1586,7/16/2023,3,3,4,3.33
1587,6/27/2023,4,5,3,4
1588,7/21/2023,1,5,5,3.67
1590,4/20/2023,5,1,3,3
1591,5/10/2023,4,3,1,2.67
1592,6/6/2023,1,1,4,2
1593,10/2/2022,1,4,1,2
1594,12/8/2022,1,1,4,2
1598,5/28/2023,2,5,5,4
1599,9/13/2022,4,5,2,3.67
1600,4/28/2023,5,3,2,3.33
1601,1/5/2023,4,2,5,3.67
1604,1/28/2023,1,5,1,2.33
1606,6/28/2023,5,4,3,4
1607,3/18/2023,3,5,5,4.33
1608,12/11/2022,2,4,3,3
1612,12/13/2022,5,5,3,4.33
1614,4/10/2023,1,4,2,2.33
1615,7/27/2023,1,1,3,1.67
1616,1/29/2023,3,4,1,2.67
1617,2/8/2023,5,1,2,2.67
1618,11/16/2022,2,5,4,3.67
1620,10/30/2022,5,3,2,3.33
1625,8/16/2022,5,2,2,3
1629,9/23/2022,1,2,4,2.33
1631,6/24/2023,2,4,1,2.33
1632,3/12/2023,5,4,4,4.33
1635,12/19/2022,4,4,2,3.33
1641,3/18/2023,5,4,4,4.33
1645,9/26/2022,5,5,5,5
1648,12/16/2022,4,4,5,4.33
1649,7/28/2023,3,1,2,2
1651,11/1/2022,4,4,4,4
1656,9/30/2022,1,4,5,3.33
1657,7/29/2023,1,5,1,2.33
1658,8/7/2022,2,1,2,1.67
1661,2/25/2023,5,4,4,4.33
1662,5/17/2023,2,4,5,3.67
1663,3/10/2023,4,2,4,3.33
1664,2/12/2023,2,1,1,1.33
1665,8/23/2022,4,2,3,3
1666,8/12/2022,3,3,4,3.33
1667,10/24/2022,1,3,5,3
1669,9/13/2022,3,1,2,2
1670,8/11/2022,2,2,2,2
1672,10/8/2022,1,3,4,2.67
1673,8/19/2022,3,5,5,4.33
1674,10/4/2022,1,5,5,3.67
1677,3/10/2023,5,4,5,4.67
1682,4/15/2023,5,3,4,4
1687,8/3/2023,3,4,5,4
1688,11/12/2022,1,4,5,3.33
1691,11/30/2022,3,1,2,2
1696,5/27/2023,4,4,1,3
1700,5/4/2023,5,2,4,3.67
1702,1/20/2023,4,1,2,2.33
1703,2/16/2023,1,1,4,2
1704,4/6/2023,4,4,3,3.67
1705,4/2/2023,4,4,1,3
1707,10/21/2022,5,4,3,4
1712,5/12/2023,3,2,3,2.67
1713,10/11/2022,4,4,5,4.33
1714,2/27/2023,1,2,3,2
1718,7/19/2023,5,4,5,4.67
1719,3/29/2023,2,3,1,2
1720,7/10/2023,4,3,2,3
1722,3/16/2023,2,2,4,2.67
1725,4/9/2023,2,4,5,3.67
1726,6/14/2023,3,5,3,3.67
1728,8/1/2023,1,4,2,2.33
1730,7/3/2023,2,4,4,3.33
1734,4/4/2023,4,1,4,3
1737,3/30/2023,4,5,2,3.67
1739,10/10/2022,2,5,1,2.67
1742,5/20/2023,5,5,3,4.33
1743,4/20/2023,4,1,5,3.33
1744,5/2/2023,2,1,4,2.33
1745,11/14/2022,4,4,3,3.67
1749,8/5/2022,1,4,5,3.33
1750,11/13/2022,1,2,5,2.67
1754,12/29/2022,5,5,1,3.67
1755,10/17/2022,4,1,1,2
1756,6/27/2023,2,4,4,3.33
1757,8/18/2022,5,4,5,4.67
1758,8/18/2022,5,3,5,4.33
1759,9/16/2022,5,2,4,3.67
1764,3/13/2023,2,3,5,3.33
1765,12/24/2022,5,5,2,4
1768,2/11/2023,3,3,3,3
1770,2/24/2023,1,3,5,3
1771,6/3/2023,3,2,1,2
1773,11/20/2022,5,5,2,4
1774,12/9/2022,1,1,2,1.33
1778,11/19/2022,3,5,4,4
1781,9/27/2022,2,2,4,2.67
1783,4/21/2023,5,2,4,3.67
1788,8/4/2023,2,5,1,2.67
1791,9/18/2022,4,5,3,4
1792,9/12/2022,2,3,5,3.33
1793,9/4/2022,1,1,2,1.33
1794,5/17/2023,4,4,2,3.33
1796,11/23/2022,3,5,2,3.33
1798,1/27/2023,3,2,4,3
1799,4/28/2023,2,5,3,3.33
1802,5/21/2023,4,2,5,3.67
1803,1/19/2023,1,3,1,1.67
1806,8/5/2022,1,2,5,2.67
1807,2/3/2023,1,4,4,3
1809,4/7/2023,5,2,1,2.67
1810,7/6/2023,5,1,4,3.33
1811,9/11/2022,2,5,1,2.67
1812,12/5/2022,4,2,5,3.67
1813,6/3/2023,3,5,3,3.67
1814,4/15/2023,3,3,1,2.33
1815,10/23/2022,1,4,5,3.33
1816,4/3/2023,4,3,1,2.67
1818,6/25/2023,3,1,3,2.33
1819,12/11/2022,3,1,1,1.67
1822,8/27/2022,5,2,2,3
1825,10/27/2022,1,3,3,2.33
1829,8/19/2022,2,1,2,1.67
1830,7/12/2023,1,4,1,2
1831,3/25/2023,2,2,2,2
1832,8/6/2022,1,2,4,2.33
1833,1/23/2023,4,3,2,3
1836,10/6/2022,1,4,3,2.67
1837,1/1/2023,1,3,3,2.33
1838,7/1/2023,2,1,1,1.33
1840,8/24/2022,5,1,4,3.33
1841,3/30/2023,3,5,3,3.67
1842,12/7/2022,1,4,4,3
1843,7/31/2023,1,5,4,3.33
1844,12/20/2022,2,1,4,2.33
1846,6/21/2023,5,4,1,3.33
1848,4/10/2023,2,4,5,3.67
1849,9/20/2022,2,4,4,3.33
1852,5/2/2023,3,4,1,2.67
1853,8/27/2022,4,3,5,4
1855,1/31/2023,3,3,3,3
1856,3/14/2023,2,3,3,2.67
1857,8/21/2022,1,4,1,2
1861,9/22/2022,1,2,4,2.33
1862,3/11/2023,5,4,4,4.33
1865,1/12/2023,1,3,4,2.67
1868,2/26/2023,5,3,3,3.67
1869,8/31/2022,1,2,3,2
1871,12/12/2022,1,4,3,2.67
1872,4/17/2023,1,2,5,2.67
1874,5/4/2023,2,4,4,3.33
1876,1/9/2023,4,2,1,2.33
1877,9/8/2022,2,3,2,2.33
1878,1/13/2023,5,3,3,3.67
1881,9/18/2022,3,5,3,3.67
1884,4/14/2023,1,3,3,2.33
1885,9/14/2022,1,2,4,2.33
1886,1/18/2023,3,2,5,3.33
1887,5/7/2023,2,3,3,2.67
1888,7/23/2023,1,5,1,2.33
1889,10/6/2022,5,4,4,4.33
1890,5/12/2023,1,3,2,2
1891,12/22/2022,2,5,2,3
1892,1/11/2023,3,3,3,3
1893,6/8/2023,2,3,4,3
1894,6/1/2023,3,1,5,3
1897,9/5/2022,2,4,5,3.67
1900,7/2/2023,2,2,5,3
1901,6/22/2023,4,1,5,3.33
1904,12/9/2022,5,1,4,3.33
1905,4/15/2023,5,2,1,2.67
1906,12/28/2022,1,4,5,3.33
1907,1/18/2023,2,4,5,3.67
1908,1/26/2023,4,2,5,3.67
1909,11/23/2022,3,5,2,3.33
1910,11/5/2022,1,4,1,2
1913,1/21/2023,5,4,2,3.67
1916,12/25/2022,3,4,3,3.33
1917,10/31/2022,5,2,3,3.33
1921,2/1/2023,3,2,5,3.33
1922,4/29/2023,1,1,3,1.67
1926,8/20/2022,3,4,2,3
1927,12/13/2022,3,2,1,2
1928,8/24/2022,4,5,5,4.67
1931,4/16/2023,2,3,4,3
1933,5/24/2023,2,4,5,3.67
1935,4/20/2023,5,1,4,3.33
1937,8/11/2022,4,5,4,4.33
1938,9/15/2022,1,4,3,2.67
1939,6/13/2023,4,5,3,4
1941,9/16/2022,3,5,4,4
1942,11/8/2022,2,4,2,2.67
1943,9/22/2022,5,5,4,4.67
1944,12/12/2022,1,4,1,2
1946,1/5/2023,3,5,1,3
1947,6/28/2023,1,3,3,2.33
1949,9/7/2022,5,3,4,4
1952,6/9/2023,2,5,2,3
1953,4/7/2023,4,5,4,4.33
1955,8/27/2022,2,3,4,3
1956,1/23/2023,1,5,4,3.33
1958,10/5/2022,4,2,5,3.67
1960,1/6/2023,3,4,1,2.67
1965,2/15/2023,3,1,1,1.67
1966,10/29/2022,4,3,2,3
1967,2/26/2023,4,2,4,3.33
1968,12/27/2022,1,4,2,2.33
1971,5/27/2023,3,2,1,2
1973,8/30/2022,4,2,3,3
1974,1/17/2023,4,1,3,2.67
1975,3/24/2023,4,4,3,3.67
1976,4/25/2023,1,5,1,2.33
1977,3/18/2023,2,5,4,3.67
1978,6/8/2023,3,5,1,3
1980,5/17/2023,5,4,5,4.67
1981,3/23/2023,5,4,3,4
1982,6/24/2023,3,5,5,4.33
1983,8/16/2022,2,5,1,2.67
1984,8/7/2022,5,2,2,3
1986,9/17/2022,1,4,2,2.33
1987,7/18/2023,5,1,3,3
1989,5/4/2023,4,2,5,3.67
1991,1/26/2023,2,1,3,2
1994,10/4/2022,5,5,1,3.67
1995,4/23/2023,4,3,1,2.67
1998,9/7/2022,2,4,3,3
2002,3/11/2023,1,4,2,2.33
2004,5/5/2023,3,3,4,3.33
2005,11/4/2022,2,1,2,1.67
2006,10/21/2022,5,5,2,4
2007,7/28/2023,4,1,5,3.33
2009,2/27/2023,5,2,2,3
2010,2/17/2023,4,4,4,4
2014,8/7/2022,2,5,4,3.67
2016,5/31/2023,1,3,5,3
2017,7/11/2023,2,5,4,3.67
2018,10/31/2022,5,2,1,2.67
2019,3/21/2023,2,1,4,2.33
2022,11/11/2022,5,3,5,4.33
2027,6/15/2023,3,1,3,2.33
2029,9/30/2022,2,5,1,2.67
2031,2/9/2023,1,3,1,1.67
2033,10/10/2022,4,1,5,3.33
2034,1/30/2023,2,4,1,2.33
2036,3/18/2023,4,3,4,3.67
2038,2/18/2023,5,3,2,3.33
2039,10/6/2022,5,2,2,3
2040,4/23/2023,1,2,5,2.67
2041,6/19/2023,1,1,5,2.33
2042,6/24/2023,5,2,1,2.67
2043,6/7/2023,1,3,3,2.33
2044,11/14/2022,5,1,5,3.67
2045,6/5/2023,3,1,4,2.67
2046,3/3/2023,2,2,4,2.67
2048,11/25/2022,2,5,4,3.67
2049,6/6/2023,3,1,3,2.33
2051,8/12/2022,5,2,4,3.67
2053,6/23/2023,5,3,1,3
2055,10/28/2022,5,4,2,3.67
2057,5/6/2023,4,1,3,2.67
2060,6/26/2023,5,5,5,5
2061,5/26/2023,2,4,3,3
2062,9/5/2022,4,1,2,2.33
2063,4/6/2023,4,5,3,4
2065,1/13/2023,5,4,4,4.33
2067,3/14/2023,5,2,1,2.67
2068,8/22/2022,4,3,5,4
2069,7/22/2023,3,1,5,3
2070,2/23/2023,3,4,5,4
2074,7/5/2023,3,2,4,3
2075,2/27/2023,4,5,2,3.67
2079,3/3/2023,4,2,3,3
2080,2/12/2023,4,1,4,3
2081,2/21/2023,1,1,4,2
2082,1/1/2023,4,2,4,3.33
2083,6/26/2023,2,2,4,2.67
2084,5/26/2023,3,2,2,2.33
2088,12/21/2022,2,1,2,1.67
2090,7/23/2023,3,4,3,3.33
2091,2/21/2023,3,1,1,1.67
2092,7/24/2023,1,2,3,2
2098,2/1/2023,2,4,1,2.33
2099,3/26/2023,1,4,5,3.33
2100,1/9/2023,1,1,1,1
2101,1/10/2023,4,4,2,3.33
2102,7/16/2023,1,1,3,1.67
2103,2/16/2023,1,4,5,3.33
2104,6/10/2023,1,4,3,2.67
2105,7/24/2023,3,4,2,3
2106,10/28/2022,5,5,1,3.67
2109,4/4/2023,3,3,5,3.67
2110,11/13/2022,1,4,2,2.33
2113,8/31/2022,5,1,5,3.67
2114,2/8/2023,5,4,1,3.33
2115,1/25/2023,5,2,1,2.67
2116,5/11/2023,1,4,2,2.33
2117,11/16/2022,2,3,2,2.33
2118,3/20/2023,3,2,4,3
2119,5/27/2023,1,2,3,2
2120,9/5/2022,4,4,1,3
2121,1/29/2023,4,1,3,2.67
2123,10/29/2022,3,5,3,3.67
2124,4/21/2023,4,1,5,3.33
2125,9/23/2022,4,5,3,4
2127,8/1/2023,2,2,3,2.33
2128,4/1/2023,1,3,1,1.67
2129,9/30/2022,5,5,2,4
2130,3/30/2023,3,5,2,3.33
2132,12/15/2022,2,3,3,2.67
2133,3/2/2023,2,3,2,2.33
2134,2/27/2023,4,2,5,3.67
2138,8/22/2022,1,5,2,2.67
2139,5/5/2023,1,4,4,3
2140,5/11/2023,4,5,4,4.33
2141,11/14/2022,2,3,3,2.67
2144,6/9/2023,2,5,4,3.67
2145,5/19/2023,3,3,5,3.67
2146,2/24/2023,3,1,1,1.67
2148,6/12/2023,1,1,2,1.33
2149,5/21/2023,5,3,5,4.33
2151,4/11/2023,4,4,4,4
2152,3/30/2023,3,1,4,2.67
2153,1/19/2023,3,5,3,3.67
2154,5/18/2023,1,3,2,2
2160,1/20/2023,1,1,5,2.33
2161,5/27/2023,1,4,3,2.67
2162,2/17/2023,3,5,4,4
2163,1/12/2023,5,5,4,4.67
2164,12/9/2022,3,1,3,2.33
2166,1/16/2023,2,2,1,1.67
2168,1/8/2023,5,1,4,3.33
2170,1/30/2023,1,5,2,2.67
2172,3/17/2023,2,4,1,2.33
2174,12/25/2022,1,1,5,2.33
2176,4/29/2023,2,1,1,1.33
2177,10/17/2022,4,2,1,2.33
2182,4/12/2023,1,1,2,1.33
2183,12/13/2022,4,4,2,3.33
2184,3/9/2023,2,4,4,3.33
2187,1/14/2023,2,1,5,2.67
2188,1/25/2023,5,4,2,3.67
2189,8/19/2022,1,2,4,2.33
2191,4/11/2023,2,2,3,2.33
2192,12/26/2022,5,3,4,4
2194,10/2/2022,1,4,1,2
2199,6/3/2023,4,3,4,3.67
2200,12/16/2022,3,1,5,3
2201,6/24/2023,5,1,5,3.67
2202,6/24/2023,5,4,5,4.67
2205,9/5/2022,2,3,5,3.33
2207,3/29/2023,3,3,1,2.33
2208,3/7/2023,5,3,3,3.67
2209,4/1/2023,2,2,5,3
2211,2/1/2023,1,5,3,3
2213,5/5/2023,1,4,2,2.33
2216,4/13/2023,4,5,2,3.67
2218,10/10/2022,4,1,5,3.33
2219,3/29/2023,5,2,2,3
2220,3/2/2023,3,3,5,3.67
2221,4/28/2023,1,5,1,2.33
2223,5/23/2023,1,1,4,2
2224,2/2/2023,2,1,3,2
2227,9/18/2022,2,3,4,3
2229,4/22/2023,3,1,1,1.67
2230,6/9/2023,1,5,5,3.67
2231,1/4/2023,1,2,2,1.67
2233,10/3/2022,5,1,1,2.33
2235,9/10/2022,3,5,3,3.67
2240,8/22/2022,2,4,5,3.67
2241,1/30/2023,4,4,4,4
2244,3/1/2023,4,2,1,2.33
2247,2/16/2023,3,4,4,3.67
2248,5/24/2023,1,5,5,3.67
2251,9/18/2022,4,4,4,4
2252,9/28/2022,1,3,3,2.33
2253,6/26/2023,5,1,2,2.67
2254,12/14/2022,3,2,5,3.33
2256,7/14/2023,5,5,4,4.67
2258,4/3/2023,2,5,4,3.67
2259,1/9/2023,1,2,5,2.67
2261,11/17/2022,2,1,5,2.67
2262,4/27/2023,4,4,3,3.67
2263,11/28/2022,3,1,4,2.67
2265,3/8/2023,2,4,2,2.67
2271,3/21/2023,5,4,4,4.33
2274,8/13/2022,2,5,1,2.67
2275,10/24/2022,5,4,3,4
2277,11/25/2022,3,4,4,3.67
2278,8/21/2022,5,4,2,3.67
2279,5/28/2023,2,5,1,2.67
2280,2/23/2023,4,2,5,3.67
2281,9/24/2022,1,4,2,2.33
2282,11/2/2022,1,5,3,3
2284,10/11/2022,1,4,4,3
2285,5/22/2023,4,3,3,3.33
2287,11/11/2022,4,4,2,3.33
2289,3/12/2023,2,5,3,3.33
2290,4/14/2023,4,1,3,2.67
2291,8/20/2022,3,4,1,2.67
2292,11/15/2022,5,1,1,2.33
2294,8/30/2022,4,4,4,4
2295,11/26/2022,3,5,4,4
2296,6/15/2023,4,4,5,4.33
2299,8/18/2022,2,1,2,1.67
2300,10/8/2022,5,1,2,2.67
2303,2/1/2023,5,5,1,3.67
2304,6/29/2023,5,1,2,2.67
2306,4/25/2023,3,4,3,3.33
2307,7/22/2023,5,2,3,3.33
2309,1/3/2023,2,5,5,4
2310,10/4/2022,4,1,3,2.67
2312,4/2/2023,1,4,3,2.67
2313,4/4/2023,5,2,3,3.33
2314,6/23/2023,4,1,3,2.67
2315,8/10/2022,4,3,2,3
2316,9/6/2022,4,2,5,3.67
2317,2/7/2023,2,2,1,1.67
2318,12/20/2022,2,1,5,2.67
2320,2/12/2023,5,1,3,3
2325,12/27/2022,4,4,1,3
2326,4/19/2023,3,1,4,2.67
2327,3/29/2023,4,1,2,2.33
2328,9/2/2022,1,4,3,2.67
2329,9/2/2022,2,3,1,2
2330,9/11/2022,3,4,5,4
2333,4/19/2023,5,4,2,3.67
2335,3/24/2023,1,5,5,3.67
2336,8/10/2022,5,1,5,3.67
2337,7/9/2023,1,4,3,2.67
2341,10/14/2022,1,5,2,2.67
2342,7/24/2023,1,4,3,2.67
2343,11/22/2022,1,3,4,2.67
2345,1/14/2023,2,1,5,2.67
2347,1/9/2023,2,3,2,2.33
2348,10/12/2022,4,4,2,3.33
2350,8/24/2022,1,4,5,3.33
2353,10/17/2022,2,4,3,3
2358,9/7/2022,5,3,3,3.67
2361,2/12/2023,4,4,2,3.33
2364,2/2/2023,4,2,4,3.33
2365,9/7/2022,1,1,1,1
2368,11/6/2022,5,2,1,2.67
2371,1/10/2023,2,1,5,2.67
2375,8/14/2022,2,4,2,2.67
2377,12/31/2022,1,2,1,1.33
2378,7/4/2023,2,5,3,3.33
2381,2/15/2023,2,3,3,2.67
2383,11/21/2022,5,3,5,4.33
2384,9/3/2022,2,2,2,2
2385,1/15/2023,2,1,3,2
2386,12/16/2022,1,4,3,2.67
2388,6/6/2023,5,2,4,3.67
2392,6/19/2023,4,3,2,3
2394,11/18/2022,4,1,1,2
2395,2/23/2023,1,1,4,2
2400,3/28/2023,4,4,3,3.67
2401,12/23/2022,1,1,3,1.67
2406,2/24/2023,1,4,4,3
2407,9/23/2022,3,5,5,4.33
2408,8/26/2022,2,5,5,4
2409,1/11/2023,3,3,3,3
2410,5/3/2023,4,4,1,3
2411,1/23/2023,2,3,3,2.67
2414,9/5/2022,1,1,5,2.33
2416,11/1/2022,4,5,1,3.33
2417,9/17/2022,2,3,4,3
2418,3/8/2023,3,2,5,3.33
2419,12/22/2022,2,2,1,1.67
2420,5/7/2023,4,3,1,2.67
2421,4/3/2023,1,3,5,3
2423,4/6/2023,3,3,5,3.67
2425,3/28/2023,2,2,2,2
2426,10/21/2022,5,5,3,4.33
2431,10/31/2022,4,2,5,3.67
2437,10/17/2022,3,5,2,3.33
2438,11/9/2022,4,1,4,3
2439,8/15/2022,4,3,5,4
2440,3/8/2023,2,5,2,3
2441,10/17/2022,2,4,2,2.67
2443,8/17/2022,4,3,5,4
2444,8/5/2023,1,1,5,2.33
2445,11/20/2022,3,4,5,4
2451,3/17/2023,5,3,1,3
2454,9/24/2022,1,4,3,2.67
2455,6/11/2023,3,3,1,2.33
2456,9/22/2022,4,5,3,4
2457,4/27/2023,3,2,3,2.67
2461,12/3/2022,3,2,4,3
2463,12/4/2022,3,5,5,4.33
2464,2/18/2023,2,3,2,2.33
2466,9/14/2022,2,4,1,2.33
2467,8/14/2022,1,1,4,2
2468,3/23/2023,5,4,3,4
2469,4/13/2023,2,1,5,2.67
2470,10/21/2022,5,5,2,4
2471,1/23/2023,5,5,3,4.33
2476,3/18/2023,3,5,5,4.33
2477,1/9/2023,4,4,3,3.67
2478,1/30/2023,4,4,1,3
2480,2/12/2023,3,2,3,2.67
2481,8/7/2022,2,5,1,2.67
2483,3/8/2023,5,1,3,3
2484,6/1/2023,1,2,2,1.67
2486,12/31/2022,1,1,5,2.33
2487,5/6/2023,1,1,4,2
2489,9/22/2022,1,3,2,2
2490,1/25/2023,2,2,4,2.67
2491,2/23/2023,4,5,2,3.67
2492,1/2/2023,3,2,5,3.33
2493,1/23/2023,1,3,1,1.67
2494,11/6/2022,1,1,1,1
2495,1/10/2023,5,1,2,2.67
2496,12/15/2022,2,3,3,2.67
2499,5/1/2023,5,5,3,4.33
2500,7/1/2023,1,3,5,3
2501,1/21/2023,1,5,3,3
2502,7/21/2023,3,3,5,3.67
2505,10/30/2022,3,2,3,2.67
2506,9/4/2022,3,3,2,2.67
2508,7/1/2023,1,4,1,2
2510,9/10/2022,2,2,2,2
2514,6/10/2023,5,2,2,3
2515,3/28/2023,1,1,1,1
2516,5/15/2023,5,1,5,3.67
2519,9/3/2022,3,5,5,4.33
2520,2/6/2023,2,1,1,1.33
2521,6/7/2023,4,4,4,4
2523,2/17/2023,1,1,3,1.67
2524,7/10/2023,3,3,4,3.33
2526,10/22/2022,1,1,1,1
2527,10/28/2022,3,4,5,4
2529,12/8/2022,4,5,1,3.33
2532,3/26/2023,1,1,4,2
2533,8/20/2022,1,1,3,1.67
2535,8/6/2022,2,5,2,3
2538,10/2/2022,5,4,5,4.67
2539,12/8/2022,4,2,3,3
2541,7/22/2023,3,4,3,3.33
2544,7/7/2023,2,3,2,2.33
2545,2/12/2023,3,2,3,2.67
2547,5/26/2023,2,5,1,2.67
2549,1/18/2023,4,3,5,4
2553,10/16/2022,2,2,2,2
2554,12/29/2022,5,1,4,3.33
2557,9/4/2022,1,3,1,1.67
2559,7/10/2023,3,5,3,3.67
2561,4/15/2023,3,5,4,4
2563,9/24/2022,2,2,4,2.67
2565,8/17/2022,2,5,4,3.67
2566,5/19/2023,3,2,2,2.33
2568,6/22/2023,3,5,2,3.33
2570,4/15/2023,3,3,1,2.33
2572,10/19/2022,1,1,2,1.33
2578,6/17/2023,4,5,3,4
2579,8/5/2023,3,4,4,3.67
2581,2/20/2023,2,3,4,3
2582,9/20/2022,3,2,5,3.33
2583,5/20/2023,5,5,3,4.33
2584,7/20/2023,4,4,5,4.33
2585,5/3/2023,5,1,4,3.33
2586,11/4/2022,2,4,2,2.67
2588,12/12/2022,5,1,5,3.67
2589,11/25/2022,2,5,1,2.67
2591,7/28/2023,4,5,5,4.67
2592,6/27/2023,5,1,2,2.67
2595,12/18/2022,3,5,4,4
2597,5/8/2023,4,5,4,4.33
2598,5/21/2023,5,3,2,3.33
2599,3/31/2023,1,4,2,2.33
2600,9/28/2022,5,2,4,3.67
2605,2/25/2023,3,4,3,3.33
2606,12/23/2022,1,5,1,2.33
2607,2/26/2023,3,1,2,2
2608,8/7/2022,1,4,5,3.33
2610,11/4/2022,5,1,2,2.67
2613,3/4/2023,2,1,2,1.67
2614,11/19/2022,5,1,1,2.33
2615,12/5/2022,5,1,3,3
2617,12/23/2022,4,4,2,3.33
2618,8/1/2023,5,3,3,3.67
2620,2/4/2023,4,3,4,3.67
2621,1/2/2023,3,5,4,4
2622,10/6/2022,3,5,1,3
2628,12/6/2022,5,4,2,3.67
2630,9/4/2022,1,5,4,3.33
2631,1/8/2023,5,1,4,3.33
2632,7/7/2023,1,4,2,2.33
2633,7/1/2023,5,2,3,3.33
2637,6/27/2023,2,2,2,2
2639,1/31/2023,1,3,3,2.33
2642,12/9/2022,2,3,1,2
2645,10/25/2022,4,3,5,4
2646,12/14/2022,4,2,2,2.67
2647,8/23/2022,5,5,3,4.33
2648,4/22/2023,4,2,1,2.33
2649,12/26/2022,4,4,1,3
2650,3/24/2023,1,1,1,1
2651,5/31/2023,1,3,2,2
2655,8/29/2022,2,5,5,4
2659,5/22/2023,5,3,2,3.33
2660,8/23/2022,5,1,1,2.33
2661,2/25/2023,3,3,2,2.67
2662,7/8/2023,4,1,1,2
2664,6/13/2023,5,2,2,3
2665,10/5/2022,1,5,5,3.67
2669,4/27/2023,4,2,1,2.33
2670,6/26/2023,4,2,1,2.33
2671,2/12/2023,1,2,5,2.67
2673,10/13/2022,5,1,1,2.33
2674,11/6/2022,1,1,4,2
2678,7/18/2023,5,3,3,3.67
2679,2/2/2023,4,4,1,3
2682,11/2/2022,1,2,2,1.67
2683,12/23/2022,3,4,2,3
2684,9/14/2022,3,4,2,3
2686,1/23/2023,5,3,4,4
2687,2/20/2023,4,5,5,4.67
2688,11/21/2022,2,3,3,2.67
2689,10/6/2022,2,1,1,1.33
2691,12/21/2022,4,1,1,2
2693,11/6/2022,2,5,2,3
2697,5/30/2023,1,5,3,3
2698,5/24/2023,5,4,5,4.67
2700,1/17/2023,3,5,1,3
2701,7/20/2023,5,5,3,4.33
2702,4/12/2023,5,1,2,2.67
2703,5/27/2023,1,5,4,3.33
2705,7/8/2023,3,2,2,2.33
2707,1/28/2023,1,2,1,1.33
2709,8/28/2022,1,2,2,1.67
2710,8/12/2022,4,2,3,3
2711,2/7/2023,4,2,5,3.67
2712,6/24/2023,3,2,5,3.33
2713,12/22/2022,5,2,4,3.67
2717,7/25/2023,1,1,2,1.33
2718,6/1/2023,3,5,5,4.33
2719,11/9/2022,5,5,5,5
2721,3/26/2023,1,4,3,2.67
2722,12/18/2022,3,4,2,3
2725,1/30/2023,4,1,5,3.33
2728,12/3/2022,3,2,1,2
2729,2/24/2023,3,5,1,3
2730,9/16/2022,2,3,4,3
2731,4/26/2023,2,3,2,2.33
2732,11/4/2022,1,5,3,3
2733,4/3/2023,3,4,1,2.67
2734,5/14/2023,2,2,3,2.33
2735,6/2/2023,5,1,2,2.67
2736,11/26/2022,4,2,2,2.67
2740,6/6/2023,2,5,1,2.67
2742,11/25/2022,5,3,4,4
2744,6/25/2023,2,4,2,2.67
2745,1/13/2023,1,2,2,1.67
2748,8/4/2023,5,2,5,4
2750,7/11/2023,3,4,4,3.67
2752,5/7/2023,3,5,1,3
2753,5/5/2023,3,1,4,2.67
2754,2/14/2023,1,5,1,2.33
2755,12/15/2022,5,5,4,4.67
2756,10/30/2022,1,3,1,1.67
2758,2/15/2023,1,3,1,1.67
2759,11/6/2022,3,1,3,2.33
2763,8/5/2022,4,2,4,3.33
2765,1/5/2023,3,1,3,2.33
2767,12/14/2022,3,3,4,3.33
2768,8/20/2022,2,1,5,2.67
2769,8/7/2022,3,1,3,2.33
2770,2/25/2023,1,2,3,2
2772,4/25/2023,2,4,5,3.67
2773,5/29/2023,2,5,4,3.67
2774,5/28/2023,1,5,3,3
2775,8/4/2023,1,4,3,2.67
2776,12/26/2022,5,3,5,4.33
2778,2/19/2023,1,1,4,2
2780,8/29/2022,3,5,2,3.33
2782,10/7/2022,3,5,3,3.67
2784,1/9/2023,4,3,4,3.67
2785,8/15/2022,3,1,5,3
2786,12/7/2022,4,3,1,2.67
2787,4/10/2023,4,2,5,3.67
2791,1/19/2023,1,3,1,1.67
2793,3/27/2023,2,5,3,3.33
2794,9/3/2022,5,4,4,4.33
2797,8/5/2022,2,1,2,1.67
2798,5/29/2023,3,4,2,3
2800,6/20/2023,1,2,2,1.67
2801,9/20/2022,1,3,4,2.67
2802,7/1/2023,2,3,5,3.33
2803,11/4/2022,4,4,5,4.33
2804,12/5/2022,5,4,2,3.67
2805,5/19/2023,5,3,2,3.33
2806,4/14/2023,1,3,1,1.67
2808,3/13/2023,5,2,4,3.67
2809,2/13/2023,1,1,5,2.33
2812,8/14/2022,3,2,5,3.33
2813,8/28/2022,4,4,2,3.33
2814,7/13/2023,4,1,1,2
2816,7/13/2023,4,2,4,3.33
2820,10/16/2022,2,1,5,2.67
2822,5/24/2023,2,3,3,2.67
2824,9/9/2022,1,4,1,2
2825,2/22/2023,5,4,4,4.33
2827,8/30/2022,4,4,5,4.33
2828,2/26/2023,5,5,3,4.33
2829,2/7/2023,2,5,3,3.33
2830,12/9/2022,1,2,2,1.67
2831,7/13/2023,5,1,4,3.33
2832,11/14/2022,4,5,5,4.67
2833,9/2/2022,2,5,2,3
2836,8/13/2022,5,4,1,3.33
2837,8/8/2022,4,1,4,3
2840,5/7/2023,3,2,3,2.67
2841,10/10/2022,2,2,2,2
2842,11/10/2022,2,1,5,2.67
2843,10/3/2022,5,1,4,3.33
2844,7/14/2023,2,5,2,3
2845,11/14/2022,3,4,2,3
2848,8/11/2022,2,1,1,1.33
2849,2/9/2023,5,1,1,2.33
2851,10/16/2022,4,3,3,3.33
2852,2/2/2023,2,1,2,1.67
2854,3/5/2023,1,3,4,2.67
2855,3/27/2023,3,5,5,4.33
2856,1/23/2023,4,5,2,3.67
2859,8/19/2022,1,3,3,2.33
2861,7/21/2023,2,4,5,3.67
2863,3/13/2023,2,2,1,1.67
2864,11/16/2022,1,3,4,2.67
2866,7/9/2023,3,3,2,2.67
2867,3/7/2023,3,1,3,2.33
2868,2/13/2023,3,4,1,2.67
2869,3/24/2023,2,5,4,3.67
2873,12/15/2022,4,2,3,3
2874,3/14/2023,3,5,1,3
2879,1/7/2023,1,5,2,2.67
2883,6/14/2023,4,3,4,3.67
2884,8/8/2022,3,2,4,3
2886,2/17/2023,5,5,1,3.67
2889,6/10/2023,2,2,1,1.67
2890,1/17/2023,3,5,5,4.33
2893,10/14/2022,3,1,1,1.67
2894,1/20/2023,1,4,4,3
2895,5/31/2023,1,2,5,2.67
2896,7/1/2023,5,4,1,3.33
2897,4/4/2023,3,5,2,3.33
2898,11/20/2022,1,4,3,2.67
2900,10/29/2022,1,4,1,2
2902,10/23/2022,5,4,3,4
2906,7/15/2023,2,5,4,3.67
2907,3/15/2023,1,4,5,3.33
2908,5/14/2023,4,2,5,3.67
2909,2/13/2023,2,4,4,3.33
2910,5/5/2023,5,1,3,3
2911,10/27/2022,5,2,2,3
2912,7/7/2023,3,5,3,3.67
2913,5/5/2023,4,1,2,2.33
2914,5/29/2023,5,3,3,3.67
2915,4/29/2023,3,4,2,3
2917,1/17/2023,1,4,5,3.33
2919,6/11/2023,5,1,2,2.67
2920,2/4/2023,2,4,4,3.33
2922,4/29/2023,4,2,5,3.67
2924,5/16/2023,5,4,4,4.33
2928,8/28/2022,5,4,1,3.33
2930,6/19/2023,1,4,2,2.33
2932,4/28/2023,4,4,3,3.67
2933,5/2/2023,3,1,4,2.67
2935,2/14/2023,5,1,1,2.33
2937,12/9/2022,1,4,4,3
2938,1/30/2023,2,5,1,2.67
2940,4/18/2023,5,1,3,3
2941,12/14/2022,5,2,5,4
2943,10/18/2022,4,1,5,3.33
2944,5/21/2023,2,4,1,2.33
2946,1/20/2023,4,5,3,4
2947,2/11/2023,3,4,2,3
2948,10/4/2022,2,4,5,3.67
2949,2/2/2023,2,2,2,2
2951,5/31/2023,3,1,3,2.33
2952,4/1/2023,5,3,2,3.33
2953,6/1/2023,2,3,4,3
2956,2/6/2023,5,4,1,3.33
2957,2/21/2023,1,3,4,2.67
2958,5/16/2023,1,2,4,2.33
2960,9/23/2022,2,4,3,3
2961,2/12/2023,2,2,4,2.67
2962,12/19/2022,1,2,3,2
2963,10/2/2022,1,3,2,2
2964,12/15/2022,4,1,3,2.67
2966,3/6/2023,5,2,5,4
2968,5/23/2023,1,5,4,3.33
2973,12/9/2022,1,3,3,2.33
2974,11/26/2022,4,5,4,4.33
2977,3/21/2023,2,4,3,3
2978,8/29/2022,5,2,4,3.67
2979,1/8/2023,4,5,4,4.33
2980,2/6/2023,1,3,5,3
2981,9/21/2022,5,3,2,3.33
2982,9/13/2022,5,4,3,4
2983,7/1/2023,4,5,4,4.33
2986,7/12/2023,4,5,3,4
2987,7/6/2023,4,3,3,3.33
2989,6/18/2023,2,3,3,2.67
2990,5/21/2023,2,2,3,2.33
2991,8/23/2022,5,5,3,4.33
2992,12/7/2022,1,4,2,2.33
2994,12/16/2022,5,5,3,4.33
2997,11/30/2022,1,2,5,2.67
3000,7/17/2023,2,2,5,3
3002,9/10/2022,3,3,3,3
3003,1/17/2023,4,3,5,4
3005,1/18/2023,4,5,1,3.33
3006,2/28/2023,3,5,2,3.33
3013,7/13/2023,5,2,4,3.67
3015,12/4/2022,5,5,5,5
3016,11/29/2022,3,1,2,2
3018,9/13/2022,1,1,4,2
3019,9/11/2022,3,4,2,3
3020,7/28/2023,2,5,1,2.67
3021,10/19/2022,5,3,4,4
3024,3/5/2023,4,5,5,4.67
3025,1/25/2023,3,4,5,4
3026,10/17/2022,3,2,4,3
3030,12/5/2022,2,2,5,3
3031,12/20/2022,2,3,2,2.33
3032,7/6/2023,1,3,2,2
3034,10/11/2022,1,4,2,2.33
3035,4/6/2023,2,4,5,3.67
3036,2/25/2023,1,4,2,2.33
3037,1/14/2023,3,4,2,3
3039,8/3/2023,4,2,1,2.33
3040,10/23/2022,5,1,4,3.33
3041,5/18/2023,5,5,4,4.67
3043,5/1/2023,5,3,3,3.67
3045,1/12/2023,5,4,1,3.33
3047,11/13/2022,4,2,1,2.33
3050,9/26/2022,1,3,4,2.67
3054,11/14/2022,5,5,2,4
3056,4/8/2023,5,5,2,4
3057,2/6/2023,1,2,5,2.67
3059,3/28/2023,2,1,3,2
3060,9/14/2022,5,2,4,3.67
3061,7/19/2023,5,1,3,3
3062,5/20/2023,3,4,1,2.67
3063,10/6/2022,1,5,1,2.33
3067,12/26/2022,3,1,2,2
3073,1/3/2023,2,3,5,3.33
3075,7/20/2023,5,3,1,3
3078,1/28/2023,1,1,5,2.33
3081,4/20/2023,3,3,1,2.33
3082,7/30/2023,4,3,4,3.67
3083,2/24/2023,4,4,3,3.67
3085,12/10/2022,4,3,5,4
3086,7/13/2023,4,2,2,2.67
3088,11/5/2022,5,3,5,4.33
3089,6/8/2023,5,3,5,4.33
3092,4/15/2023,4,4,1,3
3095,7/21/2023,5,2,3,3.33
3098,5/23/2023,3,5,4,4
3101,6/8/2023,5,4,1,3.33
3104,10/11/2022,5,2,3,3.33
3106,4/29/2023,5,1,2,2.67
3109,10/6/2022,1,2,1,1.33
3110,12/30/2022,1,2,1,1.33
3111,7/27/2023,2,5,2,3
3114,8/24/2022,2,2,2,2
3116,3/18/2023,2,1,4,2.33
3117,8/30/2022,2,3,1,2
3119,12/23/2022,4,5,2,3.67
3123,7/12/2023,5,2,2,3
3126,8/19/2022,4,5,1,3.33
3128,4/25/2023,3,5,4,4
3129,3/31/2023,4,2,4,3.33
3130,12/28/2022,4,3,3,3.33
3134,11/20/2022,3,2,1,2
3135,10/24/2022,1,2,1,1.33
3136,6/21/2023,5,3,5,4.33
3137,3/23/2023,1,2,4,2.33
3139,11/29/2022,3,2,1,2
3140,5/7/2023,1,1,1,1
3141,2/16/2023,3,1,4,2.67
3142,8/10/2022,4,5,1,3.33
3143,7/31/2023,1,4,1,2
3144,12/18/2022,3,4,3,3.33
3146,9/5/2022,5,1,1,2.33
3147,7/24/2023,2,2,5,3
3149,3/31/2023,2,1,4,2.33
3150,8/29/2022,3,2,2,2.33
3151,2/24/2023,3,3,1,2.33
3154,6/3/2023,1,3,5,3
3160,8/20/2022,5,5,3,4.33
3163,3/19/2023,2,4,5,3.67
3167,2/27/2023,5,2,1,2.67
3170,11/28/2022,1,3,2,2
3172,9/2/2022,2,3,1,2
3174,1/2/2023,1,5,5,3.67
3178,10/7/2022,5,2,1,2.67
3183,5/6/2023,1,1,4,2
3184,7/3/2023,3,1,4,2.67
3185,8/20/2022,5,4,5,4.67
3187,1/2/2023,4,2,2,2.67
3188,7/23/2023,5,2,4,3.67
3190,10/15/2022,4,5,5,4.67
3193,8/5/2023,1,1,5,2.33
3194,12/26/2022,2,5,5,4
3197,9/20/2022,5,5,2,4
3199,8/31/2022,1,4,4,3
3200,5/28/2023,5,1,3,3
3201,12/27/2022,1,4,5,3.33
3202,12/25/2022,2,5,1,2.67
3206,9/13/2022,2,4,4,3.33
3207,1/13/2023,4,4,5,4.33
3209,1/13/2023,3,3,1,2.33
3210,7/11/2023,3,5,1,3
3214,4/14/2023,3,1,2,2
3215,11/12/2022,4,3,5,4
3216,3/29/2023,1,4,3,2.67
3218,1/13/2023,2,2,5,3
3219,2/6/2023,3,3,4,3.33
3222,10/18/2022,2,5,1,2.67
3223,11/11/2022,4,4,2,3.33
3224,4/29/2023,2,4,5,3.67
3225,9/30/2022,3,1,1,1.67
3226,10/6/2022,1,2,3,2
3230,4/8/2023,4,3,1,2.67
3231,12/11/2022,5,3,3,3.67
3234,4/9/2023,1,3,4,2.67
3237,2/10/2023,5,1,2,2.67
3239,6/13/2023,5,2,5,4
3241,6/3/2023,1,5,3,3
3243,11/25/2022,2,3,1,2
3244,3/25/2023,2,1,1,1.33
3247,6/26/2023,2,5,4,3.67
3248,11/4/2022,4,3,3,3.33
3249,2/3/2023,3,2,5,3.33
3250,11/15/2022,1,1,3,1.67
3252,8/5/2023,1,3,1,1.67
3256,7/4/2023,4,1,4,3
3257,10/9/2022,1,3,5,3
3260,10/27/2022,5,2,1,2.67
3261,6/7/2023,2,2,1,1.67
3262,10/6/2022,4,3,3,3.33
3265,9/10/2022,4,3,2,3
3266,1/17/2023,1,2,3,2
3268,6/30/2023,1,5,4,3.33
3269,11/30/2022,1,5,2,2.67
3270,9/26/2022,5,5,4,4.67
3272,3/2/2023,5,5,2,4
3273,5/5/2023,4,5,4,4.33
3275,6/25/2023,1,2,3,2
3276,3/20/2023,2,2,4,2.67
3281,2/27/2023,4,4,4,4
3282,4/30/2023,5,1,1,2.33
3283,10/19/2022,1,3,3,2.33
3284,12/9/2022,2,4,1,2.33
3285,5/29/2023,3,3,3,3
3286,4/25/2023,3,1,4,2.67
3287,3/31/2023,5,1,2,2.67
3288,3/31/2023,1,5,2,2.67
3289,6/13/2023,3,5,1,3
3290,7/14/2023,1,1,2,1.33
3295,8/11/2022,1,2,1,1.33
3299,1/31/2023,4,1,2,2.33
3302,9/24/2022,5,1,2,2.67
3303,3/8/2023,1,2,1,1.33
3304,6/15/2023,2,4,2,2.67
3305,8/8/2022,5,4,5,4.67
3307,10/23/2022,2,4,1,2.33
3308,1/5/2023,1,3,2,2
3309,5/31/2023,2,3,5,3.33
3310,11/4/2022,4,5,5,4.67
3312,6/14/2023,3,1,4,2.67
3313,5/31/2023,1,2,2,1.67
3314,1/30/2023,1,4,1,2
3316,8/10/2022,2,1,2,1.67
3317,3/11/2023,1,5,5,3.67
3319,8/5/2022,5,3,4,4
3320,1/10/2023,1,4,4,3
3321,1/5/2023,4,1,3,2.67
3326,6/24/2023,4,1,3,2.67
3327,12/13/2022,5,1,1,2.33
3329,12/3/2022,4,4,3,3.67
3330,4/26/2023,1,3,3,2.33
3332,3/29/2023,2,4,5,3.67
3337,2/21/2023,5,5,2,4
3338,3/28/2023,3,2,4,3
3339,8/1/2023,1,1,3,1.67
3340,12/14/2022,5,2,3,3.33
3342,12/12/2022,3,4,1,2.67
3344,7/13/2023,5,4,1,3.33
3348,9/18/2022,5,2,1,2.67
3349,12/1/2022,1,4,3,2.67
3353,1/11/2023,2,3,2,2.33
3354,9/2/2022,1,4,1,2
3356,8/10/2022,2,5,1,2.67
3357,12/7/2022,3,3,1,2.33
3358,9/27/2022,1,1,2,1.33
3359,4/29/2023,3,1,3,2.33
3360,6/25/2023,4,4,1,3
3362,3/19/2023,1,5,1,2.33
3363,6/22/2023,4,4,2,3.33
3365,7/25/2023,1,1,4,2
3370,7/30/2023,3,5,3,3.67
3373,8/3/2023,2,4,4,3.33
3377,12/19/2022,3,5,3,3.67
3378,4/12/2023,5,1,4,3.33
3382,11/10/2022,3,5,5,4.33
3384,6/27/2023,2,1,2,1.67
3385,12/21/2022,2,1,4,2.33
3387,4/19/2023,1,3,4,2.67
3388,10/9/2022,3,1,3,2.33
3389,2/11/2023,2,3,1,2
3391,7/5/2023,4,3,1,2.67
3393,5/21/2023,3,4,4,3.67
3394,4/6/2023,1,5,5,3.67
3397,3/22/2023,3,3,2,2.67
3398,8/15/2022,5,2,1,2.67
3399,5/23/2023,4,4,5,4.33
3400,12/30/2022,2,5,3,3.33
3401,11/6/2022,4,4,1,3
3405,8/16/2022,2,1,1,1.33
3407,5/9/2023,1,3,5,3
3410,9/4/2022,4,3,4,3.67
3411,10/30/2022,2,3,2,2.33
3412,9/24/2022,5,4,4,4.33
3413,12/22/2022,1,2,5,2.67
3414,2/6/2023,5,2,4,3.67
3416,8/26/2022,1,2,1,1.33
3417,5/21/2023,2,5,5,4
3418,6/26/2023,5,3,4,4
3419,11/25/2022,2,5,2,3
3423,9/19/2022,4,5,3,4
3426,8/24/2022,1,3,2,2
3427,1/14/2023,1,2,3,2
3429,5/27/2023,1,2,1,1.33
3430,6/16/2023,5,5,4,4.67
3431,11/25/2022,2,5,3,3.33
3432,12/12/2022,2,3,5,3.33
3433,3/25/2023,1,5,2,2.67
3435,12/9/2022,4,3,3,3.33
3439,10/30/2022,1,2,5,2.67
3440,9/24/2022,1,4,5,3.33
3441,10/30/2022,4,2,5,3.67
3443,4/29/2023,2,2,4,2.67
3445,5/7/2023,4,5,2,3.67
3446,5/21/2023,4,3,5,4
3447,5/8/2023,5,1,4,3.33
3452,1/19/2023,5,5,2,4
3454,3/14/2023,4,4,2,3.33
3456,3/30/2023,4,3,4,3.67
3457,4/21/2023,5,1,4,3.33
3458,2/14/2023,2,5,5,4
3460,11/16/2022,4,3,3,3.33
3465,5/19/2023,5,4,3,4
3467,6/27/2023,4,3,2,3
3468,2/5/2023,3,1,3,2.33
3471,4/30/2023,2,4,1,2.33
3472,7/26/2023,5,5,4,4.67
3474,5/9/2023,3,1,2,2
3475,1/25/2023,4,3,4,3.67
3477,12/5/2022,1,2,1,1.33
3479,11/3/2022,4,4,4,4
3483,10/23/2022,1,4,5,3.33
3484,9/16/2022,1,2,4,2.33
3485,5/7/2023,2,1,3,2
3488,3/11/2023,1,5,1,2.33
3489,12/3/2022,2,4,5,3.67
3490,10/12/2022,5,3,2,3.33
3491,9/10/2022,3,4,5,4
3492,1/13/2023,1,5,5,3.67
3493,4/2/2023,3,1,5,3
3494,12/15/2022,1,2,1,1.33
3496,12/26/2022,1,3,2,2
3497,9/18/2022,2,3,4,3
3498,6/19/2023,3,3,4,3.33
3502,4/24/2023,5,3,5,4.33
3503,1/28/2023,5,2,3,3.33
3504,4/20/2023,3,4,3,3.33
3505,11/10/2022,4,3,2,3
3507,3/31/2023,2,5,2,3
3508,4/17/2023,1,5,4,3.33
3509,12/3/2022,4,5,2,3.67
3510,8/22/2022,2,4,3,3
3513,5/11/2023,4,1,3,2.67
3514,8/25/2022,2,1,1,1.33
3516,11/15/2022,2,3,5,3.33
3517,1/1/2023,4,1,1,2
3520,9/17/2022,5,1,1,2.33
3521,9/19/2022,1,3,3,2.33
3522,7/14/2023,1,5,4,3.33
3526,1/28/2023,1,5,3,3
3528,5/27/2023,5,2,2,3
3530,11/27/2022,1,2,5,2.67
3532,10/8/2022,2,2,5,3
3533,1/8/2023,2,5,2,3
3534,4/14/2023,4,3,2,3
3536,10/9/2022,1,2,4,2.33
3537,9/9/2022,4,2,5,3.67
3539,2/6/2023,3,3,4,3.33
3541,11/28/2022,1,3,3,2.33
3543,2/11/2023,4,5,5,4.67
3545,5/27/2023,2,5,2,3
3547,12/24/2022,2,4,2,2.67
3548,10/6/2022,5,5,3,4.33
3551,6/3/2023,4,4,3,3.67
3553,10/30/2022,4,2,4,3.33
3554,6/7/2023,2,1,2,1.67
3555,1/13/2023,2,5,1,2.67
3557,4/20/2023,4,5,2,3.67
3558,10/5/2022,2,5,3,3.33
3560,1/9/2023,2,4,5,3.67
3562,11/27/2022,2,1,3,2
3563,1/31/2023,4,1,3,2.67
3565,9/29/2022,5,5,5,5
3566,1/27/2023,1,2,3,2
3567,8/4/2023,2,3,2,2.33
3571,11/23/2022,4,1,5,3.33
3576,3/23/2023,2,3,3,2.67
3577,8/14/2022,5,4,5,4.67
3578,10/14/2022,1,4,2,2.33
3579,4/27/2023,5,3,3,3.67
3580,10/21/2022,2,4,3,3
3581,8/29/2022,3,4,4,3.67
3584,5/28/2023,2,2,5,3
3585,1/12/2023,1,2,3,2
3589,9/18/2022,2,3,2,2.33
3593,10/7/2022,4,4,3,3.67
3594,1/23/2023,1,5,1,2.33
3596,10/19/2022,4,3,4,3.67
3598,7/1/2023,2,5,4,3.67
3599,3/2/2023,4,4,2,3.33
3600,7/4/2023,2,1,4,2.33
3605,7/9/2023,5,1,3,3
3608,1/12/2023,1,3,1,1.67
3609,11/5/2022,2,2,4,2.67
3610,12/14/2022,4,5,5,4.67
3611,9/16/2022,2,3,4,3
3612,7/7/2023,5,3,3,3.67
3613,10/13/2022,1,5,2,2.67
3616,8/4/2023,1,1,1,1
3617,2/26/2023,2,3,3,2.67
3619,4/30/2023,1,5,2,2.67
3621,6/23/2023,2,3,2,2.33
3623,12/4/2022,2,2,5,3
3624,1/9/2023,2,2,2,2
3626,2/24/2023,2,5,1,2.67
3628,5/27/2023,4,3,1,2.67
3629,11/18/2022,2,4,4,3.33
3630,10/19/2022,5,3,2,3.33
3633,11/4/2022,4,4,4,4
3634,6/25/2023,2,5,2,3
3635,10/7/2022,1,5,4,3.33
3636,12/8/2022,3,5,3,3.67
3637,5/7/2023,2,1,3,2
3640,7/25/2023,2,1,2,1.67
3643,6/18/2023,1,5,3,3
3644,11/11/2022,4,4,4,4
3645,6/8/2023,1,3,3,2.33
3646,7/30/2023,5,4,4,4.33
3648,9/28/2022,3,3,5,3.67
3649,9/8/2022,1,2,2,1.67
3651,10/25/2022,1,4,1,2
3653,5/31/2023,4,4,3,3.67
3654,1/2/2023,2,4,1,2.33
3655,4/5/2023,1,5,1,2.33
3656,11/14/2022,5,3,2,3.33
3657,3/26/2023,4,2,4,3.33
3660,8/30/2022,3,2,4,3
3662,7/14/2023,3,5,3,3.67
3665,3/2/2023,5,2,1,2.67
3670,8/16/2022,2,2,3,2.33
3672,11/30/2022,3,2,4,3
3676,9/7/2022,3,4,1,2.67
3677,7/25/2023,3,5,5,4.33
3678,11/20/2022,3,4,4,3.67
3679,10/26/2022,4,2,5,3.67
3680,4/23/2023,3,2,3,2.67
3681,8/13/2022,5,2,5,4
3682,7/30/2023,3,3,3,3
3687,9/2/2022,2,4,5,3.67
3689,8/17/2022,4,4,3,3.67
3691,12/7/2022,1,1,5,2.33
3692,2/17/2023,4,5,3,4
3696,12/1/2022,2,1,2,1.67
3697,7/20/2023,3,4,1,2.67
3700,1/18/2023,4,1,1,2
3701,6/10/2023,4,1,4,3
3702,2/24/2023,2,4,1,2.33
3706,7/17/2023,2,1,4,2.33
3707,3/24/2023,3,2,4,3
3708,8/21/2022,5,5,2,4
3710,2/28/2023,5,5,3,4.33
3711,12/14/2022,4,3,3,3.33
3713,10/30/2022,3,4,1,2.67
3714,7/21/2023,3,5,2,3.33
3715,5/20/2023,1,1,4,2
3716,11/19/2022,5,3,3,3.67
3719,11/27/2022,1,2,1,1.33
3725,5/17/2023,4,3,3,3.33
3727,10/11/2022,1,2,5,2.67
3728,4/18/2023,5,1,2,2.67
3729,3/19/2023,4,5,3,4
3730,2/20/2023,4,5,5,4.67
3732,12/12/2022,3,4,4,3.67
3734,7/31/2023,4,5,2,3.67
3735,2/3/2023,4,4,4,4
3736,9/14/2022,3,1,3,2.33
3737,9/9/2022,2,5,1,2.67
3738,9/19/2022,3,3,5,3.67
3742,1/7/2023,2,1,1,1.33
3743,8/11/2022,2,1,3,2
3744,9/5/2022,4,3,2,3
3746,11/6/2022,2,1,5,2.67
3748,11/18/2022,4,1,3,2.67
3749,4/1/2023,1,3,3,2.33
3750,12/7/2022,4,1,5,3.33
3751,4/5/2023,1,1,4,2
3752,8/4/2023,3,1,5,3
3756,11/23/2022,1,5,3,3
3760,10/28/2022,4,3,1,2.67
3762,8/6/2022,2,1,1,1.33
3764,7/11/2023,2,1,5,2.67
3765,1/2/2023,1,1,2,1.33
3768,1/27/2023,2,4,1,2.33
3769,9/25/2022,3,5,3,3.67
3771,9/25/2022,2,2,4,2.67
3777,10/28/2022,4,3,2,3
3783,3/7/2023,3,4,3,3.33
3784,3/4/2023,3,3,2,2.67
3785,5/5/2023,3,2,2,2.33
3787,3/6/2023,1,2,1,1.33
3789,9/25/2022,3,1,4,2.67
3791,9/7/2022,4,1,1,2
3793,5/15/2023,2,3,3,2.67
3794,12/5/2022,1,1,3,1.67
3795,9/29/2022,4,3,2,3
3797,9/3/2022,3,4,2,3
3798,11/8/2022,1,1,1,1
3799,12/24/2022,3,1,3,2.33
3800,12/8/2022,5,3,5,4.33
3801,11/27/2022,2,1,4,2.33
3802,1/9/2023,3,3,5,3.67
3804,3/7/2023,3,2,2,2.33
3805,12/31/2022,2,5,2,3
3806,3/13/2023,4,1,5,3.33
3810,12/22/2022,3,3,1,2.33
3813,6/6/2023,2,3,4,3
3815,2/23/2023,1,5,3,3
3816,12/26/2022,1,1,5,2.33
3819,7/1/2023,4,1,1,2
3821,12/5/2022,5,4,4,4.33
3823,11/16/2022,5,4,1,3.33
3824,2/13/2023,4,4,5,4.33
3825,12/22/2022,4,4,2,3.33
3827,12/25/2022,3,3,4,3.33
3828,2/21/2023,2,5,1,2.67
3830,12/28/2022,1,1,3,1.67
3831,5/19/2023,3,2,5,3.33
3835,10/1/2022,5,3,1,3
3836,3/4/2023,2,3,5,3.33
3837,10/15/2022,5,3,1,3
3839,4/4/2023,3,3,4,3.33
3841,5/18/2023,5,4,4,4.33
3845,8/5/2023,4,5,3,4
3846,1/27/2023,4,5,1,3.33
3848,10/2/2022,5,1,4,3.33
3849,9/7/2022,3,3,1,2.33
3858,5/7/2023,3,3,1,2.33
3861,7/19/2023,3,1,5,3
3862,1/8/2023,3,1,3,2.33
3863,11/23/2022,4,2,1,2.33
3867,10/31/2022,5,3,3,3.67
3868,9/16/2022,3,1,2,2
3871,7/15/2023,4,5,2,3.67
3873,3/25/2023,3,4,5,4
3874,10/1/2022,4,4,5,4.33
3875,2/2/2023,5,5,1,3.67
3876,11/7/2022,3,2,5,3.33
3879,12/22/2022,1,5,2,2.67
3881,10/20/2022,5,3,5,4.33
3882,9/19/2022,5,3,3,3.67
3884,7/30/2023,4,2,3,3
3885,7/30/2023,5,5,5,5
3886,8/30/2022,5,2,5,4
3887,11/4/2022,2,3,5,3.33
3890,10/24/2022,2,3,3,2.67
3891,7/6/2023,3,2,2,2.33
3892,7/11/2023,5,4,2,3.67
3898,11/4/2022,4,5,1,3.33
3901,7/10/2023,1,2,5,2.67
3903,2/4/2023,1,4,3,2.67
3904,9/13/2022,4,4,1,3
3906,1/18/2023,3,2,4,3
3907,3/7/2023,3,2,5,3.33
3910,11/29/2022,5,3,4,4
3911,6/6/2023,2,5,4,3.67
3915,2/1/2023,5,3,1,3
3916,3/22/2023,1,3,1,1.67
3917,9/24/2022,3,1,4,2.67
3920,11/14/2022,2,1,4,2.33
3922,2/15/2023,5,3,1,3
3923,10/27/2022,2,4,3,3
3924,11/7/2022,2,4,5,3.67
3926,7/15/2023,4,1,4,3
3930,5/6/2023,4,4,4,4
3931,9/30/2022,2,1,5,2.67
3932,6/23/2023,5,5,4,4.67
3935,4/5/2023,5,1,4,3.33
3936,3/25/2023,5,3,4,4
3937,11/21/2022,1,3,1,1.67
3938,12/16/2022,1,1,1,1
3939,1/9/2023,5,2,4,3.67
3940,12/25/2022,5,4,3,4
3941,1/26/2023,2,3,3,2.67
3944,2/26/2023,5,3,4,4
3945,1/3/2023,4,4,2,3.33
3946,7/23/2023,1,3,4,2.67
3948,3/10/2023,4,4,2,3.33
3949,4/22/2023,5,2,5,4
3952,12/13/2022,1,4,1,2
3953,3/16/2023,3,4,4,3.67
3954,6/18/2023,5,1,5,3.67
3956,9/26/2022,4,5,2,3.67
3957,6/7/2023,3,2,4,3
3958,4/10/2023,5,3,1,3
3959,6/30/2023,5,4,5,4.67
3960,7/14/2023,3,4,1,2.67
3962,5/30/2023,4,3,3,3.33
3963,7/28/2023,4,1,5,3.33
3965,6/8/2023,4,1,2,2.33
3968,12/14/2022,5,5,1,3.67
3969,8/9/2022,4,5,2,3.67
3970,1/14/2023,5,1,5,3.67
3971,3/23/2023,3,3,2,2.67
3972,10/29/2022,5,4,1,3.33
3973,8/17/2022,3,2,1,2
3976,4/25/2023,4,5,1,3.33
3977,1/6/2023,1,5,4,3.33
3978,9/4/2022,4,3,5,4
3980,10/3/2022,4,2,5,3.67
3981,10/31/2022,1,2,4,2.33
3982,10/9/2022,1,1,1,1
3983,12/3/2022,4,3,1,2.67
3986,10/8/2022,4,3,2,3
3989,4/26/2023,2,1,1,1.33
3993,10/16/2022,3,4,4,3.67
3994,2/14/2023,3,5,2,3.33
3996,4/14/2023,3,5,1,3
3997,9/10/2022,2,4,1,2.33
